[
{"categoryId":"1","name":"Brakes","parent_category_id" : "NULL","image":"/assets/images/category/category1.jpg","sub_categories":[
    {"categoryId":"6","name":"Gear Knob Covers","parent_category_id" : "1","sub_categories":[
        { "categoryId":"7", "name":"Leather Boot Sleeve", "parent_category_id" : "6","image":"/assets/images/category/LeatherBootSleeve.jpg"},
        { "categoryId":"8", "name":"Gear Knob Cover Rubber", "parent_category_id" : "6","image":"/assets/images/category/GearKnobCoverRubber.jpg"},
        { "categoryId":"9", "name":"Front Button", "parent_category_id" : "6","image":"/assets/images/category/FrontButton.jpg"},
        { "categoryId":"10","name":"Side Button", "parent_category_id" : "6","image":"/assets/images/category/FrontButton.jpg"}
    ]},
    {"categoryId":"11","name":"Car Seat Covers","parent_category_id" : "1","sub_categories":[
        { "categoryId":"12", "name":"Crozy Series", "parent_category_id" : "11","image":"/assets/images/category/CarSeatCovers.jpg"},
        { "categoryId":"13", "name":"Hecta Series", "parent_category_id" : "11","image":"/assets/images/category/HectaSeries.jpg"},
        { "categoryId":"14", "name":"Palm Series", "parent_category_id" : "11","image":"/assets/images/category/PalmSeries.jpg"},
        { "categoryId":"15", "name":"Towel Car Seat Covers", "parent_category_id" : "11","image":"/assets/images/category/PalmSeries.jpg"}
    ]},
    {"categoryId":"16","name":"Foot Mats","parent_category_id" : "1","sub_categories":[
        { "categoryId":"17", "name":"Blue Polymer Foot Mats", "parent_category_id" : "16","image":"/assets/images/category/BluePolymerFootMats.jpg"},
        { "categoryId":"18", "name":"Synthetic Rubber Foot Mats", "parent_category_id" : "16","image":"/assets/images/category/SyntheticRubberFootMats.jpg"},
        { "categoryId":"19", "name":"5D Curly Foot Mats", "parent_category_id" : "16","image":"/assets/images/category/AromaBoxUndertheSeat.jpg"},
        { "categoryId":"20", "name":"7D Premium Foot Mats", "parent_category_id" : "16","image":"/assets/images/category/7DPremiumFootMats.jpg"}
    ]},
    {"categoryId":"21","name":"Perfumes","parent_category_id" : "1","sub_categories":[
        { "categoryId":"22", "name":"Stick-Ups", "parent_category_id" : "21","image":"/assets/images/category/Stick-Ups.jpg"},
        { "categoryId":"23", "name":"Gel Air Freshener", "parent_category_id" : "21","image":"/assets/images/category/GelAirFreshener.jpg"},
        { "categoryId":"24", "name":"Aroma Box (Under the Seat)", "parent_category_id" : "21","image":"/assets/images/category/AromaBoxUndertheSeat.jpg"},
        { "categoryId":"25", "name":"Perfume Diffuser", "parent_category_id" : "21","image":"/assets/images/category/AromaBoxUndertheSeat.jpg"}
    ]}
]},
{"categoryId":"2","name":"Suspension","parent_category_id" : "NULL","image":"/assets/images/category/category2.jpg"},
{"categoryId":"3","name":"Accessories","parent_category_id" : "NULL","image":"/assets/images/category/category3.jpg"},
{"categoryId":"4","name":"Engine","parent_category_id" : "NULL","image":"/assets/images/category/category4.jpg"},
{"categoryId":"5","name":"Interiors","parent_category_id" : "NULL","image":"/assets/images/category/category5.jpg","sub_categories":[
    {"categoryId":"26","name":"Gear Knob Covers","parent_category_id" : "5","sub_categories":[
        { "categoryId":"27", "name":"Leather Boot Sleeve", "parent_category_id" : "26","image":"/assets/images/category/LeatherBootSleeve.jpg"},
        { "categoryId":"28", "name":"Gear Knob Cover Rubber", "parent_category_id" : "26","image":"/assets/images/category/GearKnobCoverRubber.jpg"},
        { "categoryId":"29", "name":"Front Button", "parent_category_id" : "26","image":"/assets/images/category/FrontButton.jpg"},
        { "categoryId":"30","name":"Side Button", "parent_category_id" : "26","image":"/assets/images/category/SideButton.jpg"}
    ]},
    {"categoryId":"31","name":"Car Seat Covers","parent_category_id" : "5","sub_categories":[
        { "categoryId":"32", "name":"Crozy Series", "parent_category_id" : "31","image":"/assets/images/category/CarSeatCovers.jpg"},
        { "categoryId":"33", "name":"Hecta Series", "parent_category_id" : "31","image":"/assets/images/category/HectaSeries.jpg"},
        { "categoryId":"34", "name":"Palm Series", "parent_category_id" : "31","image":"/assets/images/category/PalmSeries.jpg"},
        { "categoryId":"35", "name":"Towel Car Seat Covers", "parent_category_id" : "31","image":"/assets/images/category/TowelCarSeatCovers.jpg"}
    ]},
    {"categoryId":"36","name":"Foot Mats","parent_category_id" : "5","sub_categories":[
        { "categoryId":"37", "name":"Blue Polymer Foot Mats", "parent_category_id" : "36","image":"/assets/images/category/BluePolymerFootMats.jpg"},
        { "categoryId":"38", "name":"Synthetic Rubber Foot Mats", "parent_category_id" : "36","image":"/assets/images/category/SyntheticRubberFootMats.jpg"},
        { "categoryId":"39", "name":"5D Curly Foot Mats", "parent_category_id" : "36","image":"/assets/images/category/5DCurlyFootMats.jpg"},
        { "categoryId":"40", "name":"7D Premium Foot Mats", "parent_category_id" : "36","image":"/assets/images/category/7DPremiumFootMats.jpg"}
    ]},
    {"categoryId":"41","name":"Perfumes","parent_category_id" : "5","sub_categories":[
        { "categoryId":"42", "name":"Stick-Ups", "parent_category_id" : "41","image":"/assets/images/category/Stick-Ups.jpg"},
        { "categoryId":"43", "name":"Gel Air Freshener", "parent_category_id" : "41","image":"/assets/images/category/GelAirFreshener.jpg"},
        { "categoryId":"44", "name":"Aroma Box (Under the Seat)", "parent_category_id" : "41","image":"/assets/images/category/AromaBoxUndertheSeat.jpg"},
        { "categoryId":"45", "name":"Perfume Diffuser", "parent_category_id" : "41","image":"/assets/images/category/PerfumeDiffuser.jpg"}
    ]}
]
}
]