[
{
"Id" : "1",
"OrderNumber" : "0001234",
"CustomerName" : "Poornima",
"Description" : "Completed",
"OrderStatus" : "Ready",
"DatePlaced" :  "2019-01-10",
"OrderTotal" : "$1000.00",
"Details" : "View"
},
{
"Id" : "2",
"OrderNumber" : "0001234",
"CustomerName" : "Harini",
"Description" : "Completed",
"OrderStatus" : "Ready",
"DatePlaced" : "2019-01-11",
"OrderTotal" : "$2000.00",
"Details" : "View"
},
{
"Id" : "3",
"OrderNumber" : "0001234",
"CustomerName" : "Sharmi",
"Description" : "Completed",
"OrderStatus" : "In Progress",
"DatePlaced" : "2019-01-12",
"OrderTotal" : "$3000.00",
"Details" : "View"
},
{
"Id" : "4",
"OrderNumber" : "0001234",
"CustomerName" : "Divya",
"Description" : "Completed",
"OrderStatus" : "Ready",
"DatePlaced" : "2019-01-13",
"OrderTotal" : "$4000.00",
"Details" : "View"
},
{
"Id" : "5",
"OrderNumber" : "0001234",
"CustomerName" : "Nisha",
"Description" : "Completed",
"OrderStatus" : "Pending",
"DatePlaced" : "2019-03-14",
"OrderTotal" : "$5000.00",
"Details" : "View"
},
{
"Id" : "6",
"OrderNumber" : "0001234",
"CustomerName" : "Devi",
"Description" : "Completed",
"OrderStatus" : "Ready",
"DatePlaced" : "2019-03-14",
"OrderTotal" : "$6000.00",
"Details" : "View"
},
{
"Id" : "7",
"OrderNumber" : "0001234",
"CustomerName" : "Gepassme",
"Description" : "Completed",
"OrderStatus" : "Ready",
"DatePlaced" : "2019-03-24",
"OrderTotal" : "$7000.00",
"Details" : "View"
},
{
"Id" : "8",
"OrderNumber" : "0001234",
"CustomerName" : "Nandhini",
"Description" : "Completed",
"OrderStatus" : "Ready",
"DatePlaced" : "2019-03-24",
"OrderTotal" : "$8000.00",
"Details" : "View"
},
{
"Id" : "9",
"OrderNumber" : "0001234",
"CustomerName" : "Indhu",
"Description" : "Completed",
"OrderStatus" : "Cancelled",
"DatePlaced" : "2019-07-01",
"OrderTotal" : "$9000.00",
"Details" : "View"
},

{
"Id" : "10",
"OrderNumber" : "0001234",
"CustomerName" : "Suganya",
"Description" : "Completed",
"OrderStatus" : "Pending",
"DatePlaced" : "2019-05-22",
"OrderTotal" : "$10000.00",
"Details" : "View"
},

{
"Id" : "11",
"OrderNumber" : "0001234",
"CustomerName" : "Shree",
"Description" : "Completed",
"OrderStatus" : "Ready",
"DatePlaced" : "2019-02-15",
"OrderTotal" : "$11000.00",
"Details" : "View"
},
{
"Id" : "12",
"OrderNumber" : "0001234",
"CustomerName" : "Shree",
"Description" : "Completed",
"OrderStatus" : "In Progress",
"DatePlaced" : "2019-04-24",
"OrderTotal" : "$12000.00",
"Details" : "View"
},
{
    "Id" : "13",
    "OrderNumber" : "0001234",
    "CustomerName" : "Raj",
    "Description" : "Completed",
    "OrderStatus" : "Ready",
    "DatePlaced" :  "2019-05-11",
    "OrderTotal" : "$13000.00",
    "Details" : "View"
},
{
    "Id" : "14",
    "OrderNumber" : "0001234",
    "CustomerName" : "Renuka",
    "Description" : "Completed",
    "OrderStatus" : "Ready",
    "DatePlaced" :  "2019-07-12",
    "OrderTotal" : "$1000.00",
    "Details" : "View"
},
{
        "Id" : "15",
        "OrderNumber" : "0001234",
        "CustomerName" : "Janu",
        "Description" : "Completed",
        "OrderStatus" : "Ready",
        "DatePlaced" :  "2019-01-10",
        "OrderTotal" : "$8000.00",
        "Details" : "View"
},
{
    "Id" : "16",
    "OrderNumber" : "0001234",
    "CustomerName" : "Ram",
    "Description" : "Completed",
    "OrderStatus" : "Ready",
    "DatePlaced" :  "2019-02-11",
    "OrderTotal" : "$11000.00",
    "Details" : "View"
},
{
    "Id" : "17",
    "OrderNumber" : "0001234",
    "CustomerName" : "Surendhar",
    "Description" : "Completed",
    "OrderStatus" : "Ready",
    "DatePlaced" :  "2019-03-18",
    "OrderTotal" : "$1000.00",
    "Details" : "View"
},
{
    "Id" : "18",
    "OrderNumber" : "0001234",
    "CustomerName" : "Banu",
    "Description" : "Completed",
    "OrderStatus" : "Ready",
    "DatePlaced" :  "2019-04-12",
    "OrderTotal" : "$2300.00",
    "Details" : "View"
},
{
    "Id" : "19",
    "OrderNumber" : "0001234",
    "CustomerName" : "Usha",
    "Description" : "Completed",
    "OrderStatus" : "Ready",
    "DatePlaced" :  "2019-01-01",
    "OrderTotal" : "$5800.00",
    "Details" : "View"
},
{
    "Id" : "20",
    "OrderNumber" : "0001234",
    "CustomerName" : "Bhuvana",
    "Description" : "Completed",
    "OrderStatus" : "Ready",
    "DatePlaced" :  "2019-08-19",
    "OrderTotal" : "$12000.00",
    "Details" : "View"
},
{
    "Id" : "21",
    "OrderNumber" : "0001234",
    "CustomerName" : "Sona",
    "Description" : "Completed",
    "OrderStatus" : "Ready",
    "DatePlaced" :  "2019-12-10",
    "OrderTotal" : "$19000.00",
    "Details" : "View"
},
{
    "Id" : "22",
    "OrderNumber" : "0001234",
    "CustomerName" : "Pavithra",
    "Description" : "In Progress",
    "OrderStatus" : "Ready",
    "DatePlaced" :  "2019-01-12",
    "OrderTotal" : "$1800.00",
    "Details" : "View"
},
{
    "Id" : "23",
    "OrderNumber" : "0001234",
    "CustomerName" : "Yogeetha",
    "Description" : "Pending",
    "OrderStatus" : "Ready",
    "DatePlaced" :  "2019-01-28",
    "OrderTotal" : "$17800.00",
    "Details" : "View"
},
{
    "Id" : "24",
    "OrderNumber" : "0001234",
    "CustomerName" : "Manju",
    "Description" : "Completed",
    "OrderStatus" : "Ready",
    "DatePlaced" :  "2019-07-10",
    "OrderTotal" : "$1000.00",
    "Details" : "View"
},
{
    "Id" : "25",
    "OrderNumber" : "0001234",
    "CustomerName" : "Deva",
    "Description" : "Completed",
    "OrderStatus" : "Ready",
    "DatePlaced" :  "2019-01-05",
    "OrderTotal" : "$10000.00",
    "Details" : "View"
},
{
    "Id" : "26",
    "OrderNumber" : "0001234",
    "CustomerName" : "Suhana",
    "Description" : "Completed",
    "OrderStatus" : "Ready",
    "DatePlaced" :  "2019-08-16",
    "OrderTotal" : "$1500.00",
    "Details" : "View"
},
{
    "Id" : "27",
    "OrderNumber" : "0001234",
    "CustomerName" : "Raji",
    "Description" : "Completed",
    "OrderStatus" : "Ready",
    "DatePlaced" :  "2019-02-12",
    "OrderTotal" : "$1700.00",
    "Details" : "View"
},
{
    "Id" : "28",
    "OrderNumber" : "0001234",
    "CustomerName" : "Anisha",
    "Description" : "Completed",
    "OrderStatus" : "Ready",
    "DatePlaced" :  "2019-09-19",
    "OrderTotal" : "$1400.00",
    "Details" : "View"
},
{
    "Id" : "29",
    "OrderNumber" : "0001234",
    "CustomerName" : "Lakshmi",
    "Description" : "Completed",
    "OrderStatus" : "Ready",
    "DatePlaced" :  "2019-03-10",
    "OrderTotal" : "$1200.00",
    "Details" : "View"
},
{
    "Id" : "30",
    "OrderNumber" : "0001234",
    "CustomerName" : "Vidhya",
    "Description" : "Completed",
    "OrderStatus" : "Ready",
    "DatePlaced" :  "2019-08-22",
    "OrderTotal" : "$23000.00",
    "Details" : "View"
    }
   
   ]    